{
  "exact_match": 0.0,
  "span_f1": 0.2357346737111618,
  "recall@10": 0.5510917775503241,
  "ndcg@10": 0.48084959017628714,
  "num_examples": 977
}